﻿codebook,,
Data Source ,,
1,Wei Bo,
2,Zhi Hu,
3,Dou Ban,
4,Bilibili,
Post by,,
1,Parents,
2,Self ,
1. Self-Information ,,
Marriage Seeker's Sex,,
1,Female,
2,Male ,
0,Not Mention,
Marriage Seeker's Marital Status,,
1,Mention,
0,Not Mention,
,,
Marriage Seeker's Educational Level,,
1,Undergraduate Degree and Below Undergraduate Degree,
2,Graduate Degree and Above Graduate Degree,
0,Not Mention,
Marriage Seeker's Age ,,
1,Below 20 ,
2,21-30,
3,31-40,
4,41-50,
0,Not Mention,
Marriage Seeker's Authorized Strength,,
1,Mention,
0,Not Mention,
Marriage Seeker's Region,,
1,Mention,
0,Not Mention,
,,
Marriage Seeker's Height ,,
1,Below 1.50m ,
2,1.51-1.60m,
3,1.61-1.70m,
4,1.71-1.80m,
5,1.81-1.90m,
6,Above 1.90m,
0,Not Mention,
Marriage Seeker's Weight,,
1,Mention,
0,Not Mention,
One-Child Family,,
1,Yes,
2,No,
0,Not Mention,
Marriage Seeker's Income,,
1,Mention,
0,Not Mention,
Marriage Seeker's House Property,,
1,Mention,
0,Not Mention,
Marriage Seeker's Car,,
1,Mention,
0,Not Mention,
Marriage Seeker's Appearacne and Personality,,
1,Mention,
0,Not Mention,
Marriage Seeker's Parent Information,,
1,Mention,
0,Not Mention,
Marriage Seeker's Hobby,,
1,Mention,
0,Not Mention,
2.Requirements for Marriage Partner,,
Marriage Partner's Sex,,
1,Female,
2,Male ,
0,Not Mention,
Marriage Partner's Marital Status,,
1,Mention,
0,Not Mention,
,,
Marriage Partner's Educational Level,,
1,Undergraduate Degree and Below Undergraduate Degree,
2,Graduate Degree and Above Graduate Degree,
0,Not Mention,
Marriage Partner's Age ,,
1,Below 20 ,
2,21-30,
3,31-40,
4,41-50,
0,Not Mention,
Marriage Partner's Authorized Strength,,
1,Mention,
0,Not Mention,
Marriage Partner's Region,,
1,Mention,
0,Not Mention,
,,
Marriage Partner's Height ,,
1,Below 1.50m ,
2,1.51-1.60m,
3,1.61-1.70m,
4,1.71-1.80m,
5,1.81-1.90m,
6,Above 1.90m,
0,Not Mention,
Marriage Partnerr's Weight,,
1,Mention,
0,Not Mention,
One-Child Family,,
1,Yes,
2,No,
0,Not Mention,
Marriage Partner's Income,,
1,Mention,
0,Not Mention,
Marriage Partner's House Property,,
1,Mention,
0,Not Mention,
Marriage Partner's Car,,
1,Mention,
0,Not Mention,
Marriage Partner's Appearacne and Personality,,
1,Mention,
0,Not Mention,
Marriage Partner's Parent Information,,
1,Mention,
0,Not Mention,
Marriage Partner's Hobby,,
1,Mention,
0,Not Mention,
