﻿codebook,,
数据来源,,
1,微博,
2,知乎,
3,豆瓣,
4,bilibili,
征婚投稿人,,
1,父母投稿,
2,本人投稿,
一、个人条件,,
征婚者性别,,
1,女性,
2,男性,
0,未提及,
征婚者婚史,,
1,提及,
0,未提及,
,,
征婚者学历,,
1,本科及本科以下,
2,研究生及研究生以上,
0,未提及,
征婚者年龄,,
1,20岁及以下,
2,21-30岁,
3,31-40岁,
4,41-50岁,
0,未提及,
征婚者工作是否提及编制/公务员/事业单位,,
1,提及,
0,未提及,
征婚者地域,,
1,提及,
0,未提及,
,,
征婚者身高,,
1,1.50m以下,
2,1.51-1.60m,
3,1.61-1.70m,
4,1.71-1.80m,
5,1.81-1.90m,
6,1.90m以上,
0,未提及,
征婚者体重,,
1,提及,
0,未提及,
征婚者是否独生子女,,
1,是,
2,否,
0,未提及,
征婚者收入,,
1,提及,
0,未提及,
征婚者房产,,
1,有,
0,未提及,
征婚者车,,
1,有,
0,未提及,
征婚者是否提及相貌/个性,,
1,提及,
0,未提及,
征婚者是否提及父母情况,,
1,提及,
0,未提及,
征婚者是否提及个人爱好,,
1,提及,
0,未提及,
二、对方条件,,
对象性别,,
1,女性,
2,男性,
0,未提及,
对象婚史,,
1,提及,
0,未提及,
,,
对象学历,,
1,本科及本科以下,
2,研究生及研究生以上,
0,未提及,
对象年龄,,
1,20岁及以下,
2,21-30岁,
3,31-40岁,
4,41-50岁,
0,未提及,
对象工作是否以及编制/公务员/事业单位,,
1,提及,
0,未提及,
对象地域,,
1,提及,
0,未提及,
,,
对象身高,,
1,1.50m以下,
2,1.51-1.60m,
3,1.61-1.70m,
4,1.71-1.80m,
5,1.81-1.90m,
6,1.90m以上,
0,未提及,
对象体重,,
1,提及,
0,未提及,
对象是否独生子女,,
1,是,
2,否,
0,未提及,
对象收入,,
1,提及,
0,未提及,
对象房产,,
1,有,
0,未提及,
对象车,,
1,有,
0,未提及,
对象相貌/个性,,
1,提及,
0,未提及,
对象父母情况,,
1,提及,
0,未提及,
对象个人爱好,,
1,提及,
0,未提及,
