﻿性别,职业,年龄,学历,婚史,个人条件,省份,地点,相亲对象要求,发布时间
男,部队,35,研究生,,车房优,四川,成都人民公园,34岁以温柔女,2020.11
男,大学教师,32,海归,,帅气阳光，车房优,四川,成都人民公园,32岁以下温柔女,2020.11
女,三甲医院体检工作,27,本科,无,1.65米，身材苗条，温柔漂亮，身体健康，长沙有两套房，老家怀化有门面，父亲上班，母亲退休,湖南,烈士公园,未婚，90年以下生，身高1.70以上，大专以上学历，长沙有稳定工作，人品素质好，无不良嗜好，一定要有上进心，有责任担当，家庭和睦，无经济负担（邵阳和湘阴除外）,2020.8
男,互联网公司,35,,,杭州本地人，有车有房,杭州,万松书院相亲角,30岁左右，身高160以上，工作又上进心，公司考核3.75优先,2019.9
女,高级软件工程师，国有银行软件开发管理工作，正编,35,本科211,,1.60米，党员，年薪30万+，父亲公务员，母亲国企会计退休，原生家庭,四川,成都人民公园,未婚男，1986年左右生，1.70米以上，本科以上学历，机关企事业单位工作，原生家庭，人品好，有孝心,
男,健身教练,35,大专,无,健康，阳光，脾性好！独生子女，父母已退休，并有一套房,广州,天河公园,学历不假，户籍不假，1.58以上，1.55以上也可以，年龄26-35范围,2021.3
男,大学教师,35,硕士,无,175cm，性格开朗，爱游泳，打球，健身，两姐弟，父母已退休，有工套（海珠）,广州,天河公园,本科及以上，身高1.60以上，家庭无妯娌，有稳定工作，1986年以后生,2021.3
女,央企金融,30,硕士985,无,165cm，50kg，收入30万+年薪，广州人，形象好，气质佳，性格温和，爱运动，游泳，跑步。独生女，高知家庭，父母均硕士在职,广州,天河公园,1985年以后出生，身高172以上，硕士及以上学历，家境想当，有上进心，情感转移，城市家庭，深圳、广州均可,2021.3
男,软件工程师,37,本科,,1.77米，成都市有房有车，独子，父母双退休，老家重庆人,四川,成都人民公园,84-92年生，本科，1.60米以上，父母有双保,2021.3
男,银行,35,,,175米，有房，独子，父母双退，老家遂宁人,四川,成都人民公园,90后，本科，1.63米以上，有工作，有眼缘,2021.3
