﻿文档,序号,,内容
1,25,Tue Feb 02 14:21:14 +0800 2021,出生年份：1993家乡：江苏工作地：江苏南京工作：注册电气工程师年薪：40W身高：170体重：70学历：自考本科兴趣爱好：羽毛球、写文章、玩游戏、下棋、看电影车房情况：有房有车对另一半的要求的话，重度颜控，身高控也比较重。家务和做饭最好都会。性格的话，不知道有没有必要找个沟通能力强的，胆量大的互补一下，反正比较担心双方沟通都差容易吃亏，性格这方面是最近才想到的。
1,52,Mon Dec 28 22:38:03 +0800 2020,本人自我介绍性别：男出生年月：88年5月20日籍贯；云南昆明所在地。深圳身高：181体重：73kg婚否：未婚学历 ：本科星座：金牛座名下：有车有房职业：创业性格：阳光，有上进心，脾气好兴趣爱好：旅游、看书，健身，打球，父母情况：事业单位退休择偶要求：25岁以上，身高155以上，学历相当。希望另一半有责任心，有担当，家庭观念重，正直，有良好的职业道德和公共道德，三观正，不介意年龄大 觉得可以交留可以私信我，非诚勿扰。谢谢。
1,47,Wed Dec 16 01:03:39 +0800 2020,出生年：1988目前所在城市：江西南昌户口所在地：四川成都但从小居住在江西南昌。生肖：龙🐉星座：处女座身高：184cm学历：高中职业：个体经营爱好：晨跑，旅行，健身，篮球🏀，爬山，桌球车房情况（选填）：有房不是大但温暖，有车不是很好，但还可以开自我介绍：还是留一点点神秘感吧！慢慢了解。择偶要求：  三观很重要，有孝心，尊敬长辈，外表不是唯一，内心的真善美才是
1,60,Sun Nov 08 16:17:48 +0800 2020,薄乐女36岁属鼠，离婚没孩子，北京武警幼儿园副园长，房山人。平时住单位宿舍。想找一位比自己大几岁的单身男士，离婚的不能有孩子，没结过婚的更好 
1,40,Sat Jan 09 22:42:14 +0800 2021,"基本情况:1990年出生,女,白羊座,现居南宁,从事商业地产工作.身高160cm,体重51KG。性格开朗，直接，喜欢美食旅游唱歌运动。希望未来的另一半，身高：175以上，是一个有上进心、阳光、幽默、懂生活的男孩。爱情，信则有，不信则无。有你，我的世界才完美。 "
1,57,Wed Dec 16 01:04:59 +0800 2020,90年属马、净身高177/140斤、太原本地、独子大专、国企工作、两房一车、性格阳光随和好相处、不抽烟不会打麻将不玩游戏不喝酒、没有不良嗜好、会做简单的家菜！副业家具的兼职，之前自己开家具实体店。特长维修电脑软硬件，爱好唱歌跳街舞，之前专门去录音棚做的MV单曲！全民K歌发布过很多自己录的歌曲，之前拍过很多的小咖秀动作舞蹈视频，上过一些街舞圈顶级大师的课，上过几次电视台的节目，业余时间客串广播电台的节目嘉宾！对于另一半的话：哪的人、工作、身高、长相一切随缘没有太多的条条框框！欣赏为人处事、对于感情的态度很好的女生，喜欢三观正的女生，在相处的过程能够互相理解包容的！
1,22,Thu Feb 04 15:01:37 +0800 2021,年龄：27   星座：处女座身高：169 体重：58gk学历：大专 个人状况：未婚所在城市：北京祖籍：新疆乌鲁木齐职业：广告媒体   家庭状况：爸爸妈妈哥哥嫂子都在乌鲁木齐，我个人在北京工作生活，因购房需求已落户河北大厂，家中有俩泰迪（不喜欢狗的绕行）喜好：滑雪，烹饪，摄影，爬山性格比较外向可盐可甜可钢，有些洁癖择偶标准：年龄：30-35之间身高：178以上学历：不限职业：不限所在城市：北京个人状况：未婚性格：开朗成熟稳重，出言有尺，嬉闹有度，做事有余，说话有德      ps：嘴子选手、没有责任心和想快餐式恋爱的绕行，有一说一不合适或者没感觉直接说，别玩欲擒故纵我不吃这套，打招呼请附带照片及个人情况，谢谢
1,89,Fri Nov 13 14:15:30 +0800 2020,出生年: 1993生肖: 鸡星座: 白羊座身高:178祖籍: 北京现居地:北京昌平区学历: 大专职业: 商场物业爱好: 健身（练得什么也不是）婚姻情况：未婚是否接受离异： 否自我介绍:很随和   愿得一人心择偶年龄：1999—1987 
1,19,Wed Mar 17 13:49:13 +0800 2021,本人自我介绍性别：女出生年月：90年6月26日籍贯：黑龙江所在地：河南商丘（未来定居地待两人商量而定）身高：163cm体重：60kg婚否：未婚学历 ：研究生星座：巨蟹座职业：教师性格：熟人面前像疯子，生人面前静如处子，有上进心，孝顺兴趣爱好：旅游、看书，健身，美食，购物择偶要求：身高175以上，本科以上学历。希望另一半有责任心，有担当，家庭观念重，孝顺，三观正，年龄大五岁小三岁都可接受觉得可以，私信我，非诚勿扰。谢谢！
1,71,Tue Dec 29 00:50:48 +0800 2020,姓名:张志豪出生年：1985目前所在城市：福建福州户口所在地：江苏盐城生肖：牛星座：金牛座身高：183cm学历：本科职业：广告设计公司收入:3w以上爱好：晨跑，旅行，健身，篮球🏀，爬山，桌球车房情况（选填）：有房不是大但温暖，有车不是很好，但还可以开自我介绍：还是留一点点神秘感吧！慢慢了解。择偶要求：  三观很重要，有孝心，尊敬长辈，外表不是唯一，内心的真善美才是[/cp]
